speaker,gender,sentence_id,duration_sec,total_frames,gt_voiced_frames,Baseline ACF_vde,Baseline ACF_gpe,Baseline ACF_ffe,Baseline ACF_fpe,Enhanced ACF_vde,Enhanced ACF_gpe,Enhanced ACF_ffe,Enhanced ACF_fpe,Baseline AMDF_vde,Baseline AMDF_gpe,Baseline AMDF_ffe,Baseline AMDF_fpe,Enhanced AMDF_vde,Enhanced AMDF_gpe,Enhanced AMDF_ffe,Enhanced AMDF_fpe,Baseline YIN_vde,Baseline YIN_gpe,Baseline YIN_ffe,Baseline YIN_fpe,Enhanced YIN_vde,Enhanced YIN_gpe,Enhanced YIN_ffe,Enhanced YIN_fpe
F01,female,sa1,7.99,793,198,6.81,0.0,6.81,5.85,6.68,0.0,6.68,5.52,7.19,0.0,7.19,5.5,6.81,0.0,6.81,5.54,8.7,1.71,9.08,6.94,8.7,0.0,8.7,6.9
F01,female,sa2,7.296,724,188,4.97,0.0,4.97,5.79,4.97,0.0,4.97,5.68,5.39,0.0,5.39,5.61,4.42,0.0,4.42,5.67,6.22,3.18,6.91,7.25,6.22,0.0,6.22,7.01
F01,female,si453,7.39,733,168,3.14,0.67,3.27,5.21,3.14,0.67,3.27,5.23,2.86,2.0,3.27,5.25,3.14,1.34,3.41,5.26,3.41,4.73,4.37,6.41,3.41,1.35,3.68,6.33
F01,female,si454,9.2,914,195,9.3,0.0,9.3,5.96,9.19,0.58,9.3,5.61,9.08,0.58,9.19,5.88,9.41,0.57,9.52,5.52,10.83,1.25,11.05,6.78,10.83,0.0,10.83,7.19
F01,female,si455,7.9,784,136,2.55,0.0,2.55,5.37,2.55,0.0,2.55,5.18,2.55,0.83,2.68,5.45,2.17,0.0,2.17,5.33,3.57,9.57,4.97,6.65,3.57,0.87,3.7,6.46
F01,female,si456,7.64,758,187,4.22,2.47,4.75,5.91,5.28,0.0,5.28,5.72,4.09,0.0,4.09,6.11,5.54,0.0,5.54,5.68,5.28,2.55,5.8,7.35,5.28,1.27,5.54,7.25
F01,female,si457,7.12,706,191,4.11,0.0,4.11,5.21,3.97,0.0,3.97,5.2,4.25,0.0,4.25,5.0,3.68,0.0,3.68,5.22,4.82,0.0,4.82,6.04,4.82,0.0,4.82,5.97
F01,female,si458,7.12,706,136,6.66,0.0,6.66,5.47,6.8,0.0,6.8,5.65,7.08,0.0,7.08,5.36,6.8,0.0,6.8,5.52,8.22,0.9,8.36,6.58,8.22,0.0,8.22,6.71
F01,female,si459,8.91,885,253,5.99,0.46,6.1,4.83,5.88,0.91,6.1,5.15,6.1,0.93,6.33,4.78,6.78,0.47,6.89,5.15,7.23,1.94,7.68,6.14,7.23,3.4,8.02,6.05
F01,female,si460,8.4,834,258,6.59,0.0,6.59,4.31,6.35,0.0,6.35,4.4,6.0,0.47,6.12,4.28,6.12,0.0,6.12,4.24,7.31,0.49,7.43,5.13,7.31,0.0,7.31,5.21
F01,female,si461,7.64,758,184,4.75,2.5,5.28,4.4,4.49,0.62,4.62,4.35,4.35,8.59,6.2,4.6,4.35,15.95,7.78,4.9,5.41,7.01,6.86,5.76,5.41,13.38,8.18,5.47
F01,female,si462,9.93,987,312,9.83,0.45,9.93,6.07,10.64,0.45,10.74,5.76,10.03,0.45,10.13,5.91,10.13,0.44,10.23,5.87,11.14,3.79,11.96,7.45,11.14,0.95,11.35,7.21
F01,female,si463,6.14,608,114,1.64,0.0,1.64,4.98,1.64,0.0,1.64,5.03,1.48,0.0,1.48,4.89,1.48,0.0,1.48,4.93,1.97,0.98,2.14,5.44,1.97,0.98,2.14,5.48
F01,female,si464,8.59,853,217,10.32,1.63,10.67,4.43,9.85,0.54,9.96,4.44,10.2,3.24,10.9,4.33,9.61,4.32,10.55,4.11,11.61,3.45,12.31,5.08,11.61,10.92,13.83,5.15
F01,female,si465,7.14,708,135,1.41,1.56,1.69,5.24,1.84,0.0,1.84,5.22,1.27,1.56,1.55,5.44,1.69,0.79,1.84,5.22,2.4,1.64,2.68,6.18,2.4,0.82,2.54,6.44
F01,female,si466,6.37,631,132,4.12,6.03,5.23,6.57,3.17,5.0,4.12,6.61,3.01,8.94,4.75,6.15,3.17,11.02,5.23,6.53,3.65,14.29,6.34,8.88,3.65,21.01,7.61,8.49
F01,female,si467,8.16,810,207,4.94,2.78,5.56,4.43,4.07,3.19,4.81,4.28,3.7,3.21,4.44,4.49,3.58,5.79,4.94,4.22,4.2,7.61,5.93,5.41,4.2,8.7,6.17,5.5
F01,female,si468,7.4,734,183,4.63,4.49,5.59,4.24,4.77,2.52,5.31,4.27,4.36,1.27,4.63,4.2,5.04,2.53,5.59,4.05,4.9,4.46,5.86,4.94,4.9,4.46,5.86,4.91
F01,female,si469,7.14,708,171,5.51,2.96,6.07,5.37,5.08,2.16,5.51,5.33,5.23,2.17,5.65,5.18,5.23,1.43,5.51,5.2,6.64,3.82,7.34,6.21,6.64,3.82,7.34,6.45
F01,female,si470,6.12,606,67,3.14,0.0,3.14,4.08,2.64,0.0,2.64,4.11,3.3,0.0,3.3,4.09,2.81,0.0,2.81,3.83,3.63,0.0,3.63,4.7,3.63,0.0,3.63,5.0
F02,female,sa1,7.89,783,191,4.09,1.14,4.34,4.92,3.58,1.12,3.83,5.0,3.83,1.71,4.21,4.78,4.09,3.98,4.98,5.0,5.24,2.35,5.75,5.92,5.24,0.0,5.24,6.03
F02,female,sa2,6.88,682,139,4.4,8.2,5.87,4.86,3.23,12.21,5.57,4.85,3.96,9.45,5.72,4.88,3.08,0.0,3.08,4.62,5.13,7.26,6.45,5.52,5.13,0.0,5.13,5.45
F02,female,si642,7.12,706,152,4.11,0.0,4.11,4.41,4.67,0.72,4.82,4.32,3.82,0.71,3.97,4.64,4.39,0.72,4.53,4.33,5.95,0.76,6.09,5.45,5.95,0.76,6.09,5.66
F02,female,si643,7.47,741,163,4.72,0.0,4.72,5.49,4.59,0.0,4.59,5.53,4.59,0.0,4.59,5.41,4.18,0.0,4.18,5.41,5.53,0.0,5.53,6.44,5.53,0.0,5.53,6.49
F02,female,si644,6.37,631,157,6.02,0.0,6.02,5.04,5.86,0.0,5.86,4.99,5.86,0.0,5.86,4.98,5.86,0.76,6.02,4.99,6.81,0.78,6.97,6.33,6.81,0.0,6.81,6.48
F02,female,si645,6.1,604,76,2.81,0.0,2.81,4.04,2.65,0.0,2.65,4.18,2.81,0.0,2.81,3.76,3.31,3.08,3.64,4.39,3.64,4.69,4.14,4.64,3.64,9.38,4.64,4.86
F02,female,si646,6.61,655,98,3.51,0.0,3.51,5.36,3.05,0.0,3.05,5.46,3.66,0.0,3.66,5.28,3.36,0.0,3.36,5.63,4.12,0.0,4.12,6.33,4.12,0.0,4.12,6.84
F02,female,si647,7.23,717,126,5.86,0.0,5.86,4.5,5.72,0.82,5.86,4.55,5.3,5.79,6.28,4.73,6.83,8.93,8.23,5.18,5.86,4.31,6.56,7.22,5.86,25.86,10.04,5.97
F02,female,si648,8.67,861,261,3.72,0.0,3.72,4.49,3.72,0.0,3.72,4.54,3.83,0.0,3.83,4.52,3.83,0.0,3.83,4.79,4.41,0.81,4.65,5.81,4.41,5.65,6.04,5.19
F02,female,si649,7.89,783,192,5.49,0.0,5.49,4.63,5.49,0.0,5.49,4.58,5.87,0.0,5.87,4.69,5.36,0.0,5.36,4.68,7.66,0.0,7.66,5.62,7.66,0.0,7.66,5.78
F02,female,si650,8.4,834,207,6.35,0.0,6.35,4.36,6.83,0.0,6.83,4.62,6.47,1.09,6.71,4.38,7.19,0.0,7.19,4.73,7.19,1.69,7.55,5.2,7.19,0.56,7.31,5.54
F02,female,si651,8.67,861,214,4.65,0.0,4.65,5.72,4.88,0.51,4.99,5.79,4.76,0.0,4.76,5.66,5.23,0.52,5.34,5.64,6.85,1.64,7.2,7.37,6.85,2.19,7.32,7.2
F02,female,si652,6.63,657,137,4.72,0.87,4.87,4.75,3.96,3.17,4.57,4.33,4.57,1.69,4.87,4.6,4.11,4.84,5.02,4.33,4.87,3.39,5.48,6.77,4.87,8.47,6.39,6.43
F02,female,si653,7.39,733,155,4.5,0.0,4.5,4.59,5.18,0.0,5.18,4.74,4.77,2.67,5.32,4.97,4.77,14.47,7.78,4.96,5.05,0.66,5.18,6.48,5.05,14.57,8.05,6.19
F02,female,si654,9.93,987,213,6.89,0.49,6.99,4.23,6.59,0.0,6.59,4.32,6.99,0.0,6.99,4.32,6.59,0.0,6.59,4.37,8.11,1.03,8.31,5.43,8.11,0.51,8.21,5.31
F02,female,si655,8.14,808,129,13.12,0.0,13.12,5.7,13.24,0.0,13.24,5.6,13.61,0.0,13.61,5.64,13.99,0.0,13.99,5.72,14.98,0.0,14.98,7.62,14.98,0.0,14.98,7.67
F02,female,si656,7.12,706,78,7.22,0.0,7.22,4.71,7.37,0.0,7.37,4.99,7.08,0.0,7.08,4.78,7.93,0.0,7.93,5.06,8.78,0.0,8.78,6.06,8.78,0.0,8.78,6.13
F02,female,si657,7.38,732,88,10.38,0.0,10.38,3.4,10.25,0.0,10.25,3.51,9.84,7.59,10.66,3.43,9.97,1.28,10.11,3.61,10.93,0.0,10.93,4.13,10.93,0.0,10.93,4.28
F02,female,si658,8.65,859,180,5.47,0.0,5.47,4.31,5.24,0.0,5.24,4.36,6.05,0.0,6.05,4.07,6.64,3.66,7.33,4.46,7.57,0.0,7.57,5.55,7.57,0.0,7.57,5.52
F02,female,si659,9.0,894,231,5.93,1.84,6.38,5.02,6.15,1.39,6.49,4.77,6.15,1.83,6.6,4.64,6.26,5.16,7.49,4.52,8.5,2.87,9.17,6.04,8.5,15.79,12.19,5.7
M01,male,sa1,8.42,836,197,6.46,8.78,8.01,3.62,7.66,0.68,7.78,4.06,6.22,0.0,6.22,3.98,6.34,0.66,6.46,4.21,6.82,10.39,8.73,4.04,6.82,1.3,7.06,4.42
M01,male,sa2,7.39,733,174,5.32,10.07,7.23,3.09,5.87,1.46,6.14,3.3,5.46,0.0,5.46,3.33,4.77,0.7,4.91,3.46,5.59,7.38,7.09,3.72,5.59,0.0,5.59,3.89
M01,male,si453,6.62,656,142,4.27,4.39,5.03,3.89,4.12,0.87,4.27,4.15,3.81,0.85,3.96,3.88,4.12,0.87,4.27,3.97,3.96,5.93,5.03,4.48,3.96,0.0,3.96,4.81
M01,male,si454,8.42,836,208,11.12,4.96,11.96,4.34,10.29,0.0,10.29,4.66,9.81,0.0,9.81,4.52,9.69,0.68,9.81,4.69,11.72,13.79,14.11,4.76,11.72,0.69,11.84,4.99
M01,male,si455,6.87,681,125,5.29,2.25,5.58,4.86,5.29,0.0,5.29,5.13,4.7,0.0,4.7,4.83,5.29,0.0,5.29,5.01,5.14,0.0,5.14,5.46,5.14,0.0,5.14,5.43
M01,male,si456,7.14,708,157,6.78,2.65,7.2,3.15,6.78,10.71,8.47,3.33,6.36,1.75,6.64,3.29,6.92,0.0,6.92,3.19,7.06,6.84,8.19,3.64,7.06,3.42,7.63,4.04
M01,male,si457,7.12,706,175,5.95,8.96,7.65,3.83,6.66,0.78,6.8,4.38,4.53,3.47,5.24,3.94,6.37,0.77,6.52,3.89,5.81,6.47,7.08,4.29,5.81,3.6,6.52,4.45
M01,male,si458,7.12,706,164,6.37,5.6,7.37,5.65,6.94,0.83,7.08,5.62,5.95,0.0,5.95,5.74,6.94,0.0,6.94,5.8,6.52,5.43,7.51,6.6,6.52,0.0,6.52,6.47
M01,male,si459,8.92,886,194,9.82,0.0,9.82,4.71,8.58,0.81,8.69,5.03,8.47,0.0,8.47,4.78,8.92,0.0,8.92,4.8,9.14,0.0,9.14,5.43,9.14,0.0,9.14,5.37
M01,male,si460,8.41,835,251,12.81,9.21,14.49,3.75,12.46,1.99,12.81,4.01,11.38,0.6,11.5,3.67,13.29,0.0,13.29,3.79,10.9,4.68,11.86,4.28,10.9,0.58,11.02,4.28
M01,male,si461,7.39,733,151,8.05,6.93,9.0,4.1,6.68,0.93,6.82,4.16,6.96,0.91,7.09,3.98,6.55,1.87,6.82,3.93,6.82,7.14,7.91,4.48,6.82,0.89,6.96,4.59
M01,male,si462,8.91,885,229,10.51,3.33,11.07,4.82,9.04,0.0,9.04,5.09,8.25,1.2,8.47,5.03,8.7,0.63,8.81,5.26,9.72,4.29,10.51,5.54,9.72,0.61,9.83,5.62
M01,male,si463,5.95,589,73,5.09,9.8,5.94,3.28,4.58,1.89,4.75,3.04,4.58,0.0,4.58,3.35,4.24,0.0,4.24,3.42,5.77,18.18,7.47,4.25,5.77,1.82,5.94,3.73
M01,male,si464,8.16,810,207,10.0,8.03,11.36,4.76,8.89,0.7,9.01,4.32,9.63,0.0,9.63,4.56,8.52,0.0,8.52,4.62,9.14,7.43,10.49,5.57,9.14,0.0,9.14,5.41
M01,male,si465,6.87,681,102,4.55,0.0,4.55,4.93,4.41,0.0,4.41,4.79,3.52,0.0,3.52,4.76,4.41,0.0,4.41,5.05,4.11,0.0,4.11,5.13,4.11,0.0,4.11,5.25
M01,male,si466,6.37,631,132,7.61,1.15,7.77,5.14,7.61,1.18,7.77,4.97,6.18,1.03,6.34,4.86,6.81,0.0,6.81,4.95,5.86,0.0,5.86,5.44,5.86,0.0,5.86,5.52
M01,male,si467,7.39,733,188,6.55,0.0,6.55,2.84,6.14,0.0,6.14,2.83,5.73,0.0,5.73,2.94,5.87,0.0,5.87,2.76,6.0,3.9,6.82,3.35,6.0,1.3,6.28,3.46
M01,male,si468,6.87,681,199,4.26,8.77,6.46,3.44,5.58,3.7,6.46,3.33,4.26,0.0,4.26,3.43,5.29,0.0,5.29,3.23,4.55,6.43,6.17,4.02,4.55,0.0,4.55,4.03
M01,male,si469,6.87,681,157,10.13,1.11,10.28,3.61,10.72,2.2,11.01,3.77,9.84,0.0,9.84,3.68,10.43,0.0,10.43,3.66,9.99,2.06,10.28,4.0,9.99,0.0,9.99,4.2
M01,male,si470,5.6,554,75,4.15,5.45,4.69,2.69,3.61,0.0,3.61,2.2,3.97,0.0,3.97,2.79,3.61,0.0,3.61,2.16,4.15,5.26,4.69,3.29,4.15,0.0,4.15,3.1
M02,male,sa1,6.88,682,172,9.97,0.0,9.97,3.19,7.62,1.53,7.92,3.38,7.33,0.0,7.33,3.09,7.18,0.0,7.18,3.24,7.62,0.72,7.77,3.29,7.62,0.72,7.77,3.2
M02,male,sa2,6.88,682,141,9.24,0.0,9.24,3.48,7.48,3.64,8.06,3.05,6.3,1.75,6.6,3.03,6.74,2.65,7.18,3.02,6.6,3.33,7.18,3.68,6.6,2.5,7.04,3.65
M02,male,si642,6.87,681,148,18.8,2.56,18.94,3.91,17.47,2.9,17.77,3.84,17.18,0.0,17.18,3.51,16.01,2.44,16.3,3.29,17.62,1.41,17.77,3.82,17.62,0.0,17.62,4.02
M02,male,si643,6.1,604,119,12.58,5.88,13.25,4.85,11.59,4.65,12.25,4.6,11.09,4.49,11.75,4.6,12.25,4.55,12.91,4.85,12.25,4.55,12.91,4.75,12.25,4.55,12.91,4.83
M02,male,si644,5.6,554,137,8.3,0.0,8.3,4.16,8.48,0.0,8.48,3.43,7.58,0.92,7.76,3.9,8.3,0.98,8.48,3.59,7.94,0.0,7.94,4.61,7.94,0.0,7.94,4.72
M02,male,si645,6.12,606,77,3.8,3.64,4.13,2.33,2.97,6.35,3.63,3.34,2.64,3.17,2.97,2.85,2.97,3.23,3.3,2.82,3.3,4.69,3.8,3.06,3.3,4.69,3.8,2.88
M02,male,si646,5.95,589,94,11.04,0.0,11.04,2.64,6.96,1.69,7.13,4.05,6.45,3.28,6.79,3.2,5.43,16.92,7.3,3.29,6.45,3.03,6.79,3.54,6.45,3.03,6.79,3.51
M02,male,si647,7.39,733,127,8.46,0.0,8.46,4.13,3.96,2.91,4.37,4.11,5.87,0.0,5.87,3.65,3.96,0.98,4.09,3.48,6.0,1.05,6.14,3.99,6.0,0.0,6.0,3.98
M02,male,si648,8.91,885,232,8.59,1.2,8.81,4.06,7.34,1.06,7.57,4.15,6.44,3.63,7.23,4.3,6.89,0.52,7.01,4.32,7.34,3.05,8.02,4.65,7.34,2.54,7.91,4.74
M02,male,si649,9.52,946,243,10.57,0.0,10.57,4.4,9.09,2.38,9.51,4.65,8.35,1.73,8.67,4.34,8.46,0.58,8.56,4.47,9.09,1.09,9.3,4.69,9.09,1.09,9.3,4.74
M02,male,si650,8.91,885,241,14.35,0.0,14.35,2.44,8.81,0.59,8.93,2.43,8.25,0.0,8.25,2.37,7.57,0.56,7.68,2.33,8.14,0.0,8.14,2.64,8.14,0.0,8.14,2.68
M02,male,si651,8.91,885,236,10.06,0.0,10.06,2.84,9.15,1.85,9.49,3.24,8.14,1.17,8.36,3.24,8.36,1.78,8.7,3.33,8.14,1.69,8.47,3.57,8.14,0.56,8.25,3.65
M02,male,si652,6.54,648,100,7.1,0.0,7.1,3.25,5.71,1.39,5.86,2.85,4.32,1.25,4.48,3.11,5.25,0.0,5.25,2.55,5.25,2.5,5.56,2.84,5.25,1.25,5.4,2.85
M02,male,si653,6.12,606,152,9.08,2.02,9.41,2.35,3.63,0.76,3.8,2.59,4.62,0.0,4.62,2.4,2.81,0.74,2.97,2.53,4.29,0.0,4.29,2.89,4.29,0.0,4.29,2.84
M02,male,si654,8.16,810,218,10.99,0.75,11.11,3.08,9.63,0.64,9.75,3.08,8.4,0.0,8.4,3.22,8.64,0.0,8.64,3.19,9.01,0.6,9.14,3.39,9.01,0.6,9.14,3.52
M02,male,si655,7.64,758,213,12.14,0.0,12.14,2.92,9.63,0.69,9.76,2.9,8.97,0.0,8.97,2.88,9.5,0.68,9.63,2.94,9.76,0.65,9.89,3.21,9.76,0.65,9.89,3.12
M02,male,si656,6.72,666,124,10.81,0.0,10.81,4.67,8.11,8.11,9.01,4.84,8.26,0.0,8.26,4.65,7.81,2.63,8.11,3.96,8.11,1.28,8.26,4.86,8.11,2.56,8.41,4.74
M02,male,si657,6.37,631,125,6.81,0.0,6.81,4.03,6.66,1.08,6.81,4.12,6.02,0.0,6.02,4.04,6.18,0.0,6.18,4.31,5.71,0.0,5.71,4.29,5.71,0.0,5.71,4.37
M02,male,si658,8.14,808,187,8.04,0.0,8.04,3.52,7.67,1.47,7.92,3.78,6.93,0.0,6.93,3.77,7.55,0.72,7.67,3.57,7.43,0.0,7.43,4.05,7.43,0.0,7.43,4.09
M02,male,si659,8.41,835,229,10.78,0.0,10.78,2.26,7.19,0.0,7.19,2.68,7.07,0.0,7.07,2.56,6.23,0.55,6.35,2.79,7.54,0.0,7.54,2.75,7.54,0.0,7.54,2.7
