Config,phone_F2_Err,phone_M2_Err,studio_F2_Err,studio_M2_Err,Avg_Err_Hz,Avg_Accuracy_Pct,Avg_F1_Pct
01. Baseline (Gốc),7.77,2.92,1.02,0.97,3.17,83.58,91.03
02. [Hysteresis],7.52,2.4,0.06,1.27,2.81,84.24,91.82
03. [Energy Ext],6.8,2.88,0.65,0.97,2.83,85.09,92.89
04. [Center Clip],6.59,2.15,1.03,0.72,2.62,82.14,89.23
05. [Bandpass Filter],8.58,4.2,1.07,0.24,3.52,82.28,89.51
06. [Hyst + Energy Ext],6.75,2.73,0.65,1.27,2.85,85.25,93.07
07. [Center Clip + Hyst],6.64,1.58,0.49,0.48,2.3,82.63,89.84
08. [Center Clip + Energy Ext],6.3,2.06,0.21,0.9,2.37,83.4,90.82
09. [Bandpass + Hyst],7.28,4.27,1.07,0.17,3.2,82.97,90.38
10. [Bandpass + Energy Ext],7.58,4.6,0.19,0.17,3.13,83.89,91.53
11. [Bandpass + Center Clip],5.19,2.69,0.59,0.52,2.25,82.2,89.42
12. [Center Clip + Hyst + Energy],6.37,1.44,0.19,0.91,2.23,83.49,90.93
13. [Bandpass + Hyst + Energy],6.27,4.59,0.19,0.17,2.8,83.95,91.64
14. [Bandpass + Center Clip + Hyst],4.9,2.65,0.43,0.37,2.09,82.65,89.98
15. [Bandpass + Center Clip + Energy],4.73,2.31,0.08,0.55,1.92,83.54,91.06
16. [Cả 4 Plugins],4.91,2.2,0.05,0.55,1.93,83.48,91.0
