Config,Threshold,phone_F2_Err,phone_M2_Err,studio_F2_Err,studio_M2_Err,Avg_Err_Hz,Avg_Accuracy_Pct,Avg_F1_Pct
01. Baseline (Gốc),0.4380,5.19,0.48,0.2,0.52,1.6,84.65,92.3
02. [Bandpass Filter],0.3734,4.32,1.66,1.82,0.95,2.19,83.38,90.93
03. [Center Clip],0.6488,5.96,1.34,0.07,0.49,1.97,83.88,91.42
04. [Hysteresis],0.4380,5.59,0.76,0.45,0.67,1.87,83.56,91.04
05. [Energy Ext],0.4380,4.58,0.8,0.5,0.42,1.57,85.95,93.86
06. [Viterbi Tracking],0.4380,4.88,0.68,0.4,0.18,1.53,84.65,92.3
07. [BP + Clip],0.5628,5.05,1.76,0.99,0.35,2.04,83.22,90.73
08. [BP + Hyst],0.3734,5.36,1.85,2.61,1.73,2.89,82.64,89.99
09. [BP + Energy],0.3734,3.66,1.07,1.9,0.52,1.79,84.67,92.47
10. [BP + Viterbi],0.3734,4.11,1.61,1.79,1.0,2.13,83.38,90.93
11. [Clip + Hyst],0.6488,5.85,0.09,0.01,0.48,1.61,82.98,90.33
12. [Clip + Energy],0.6488,5.86,1.47,0.17,0.04,1.89,85.25,93.03
13. [Clip + Viterbi],0.6488,4.05,0.37,0.34,0.22,1.24,83.88,91.42
14. [Hyst + Energy],0.4380,5.02,1.04,0.5,0.33,1.72,85.41,93.23
15. [Hyst + Viterbi],0.4380,4.63,0.66,0.65,1.48,1.85,83.56,91.04
16. [Energy + Viterbi],0.4380,4.21,1.09,0.69,0.2,1.55,85.95,93.86
17. [BP + Clip + Hyst],0.5628,5.15,1.33,1.23,0.24,1.99,82.18,89.44
18. [BP + Clip + Energy],0.5628,4.47,1.3,0.99,0.3,1.76,84.84,92.66
19. [BP + Clip + Viterbi],0.5628,6.34,1.89,1.0,0.2,2.36,83.22,90.73
20. [BP + Hyst + Energy],0.3734,4.11,1.3,1.9,0.73,2.01,84.09,91.79
21. [BP + Hyst + Viterbi],0.3734,5.06,1.66,2.57,1.58,2.72,82.64,89.99
22. [BP + Energy + Viterbi],0.3734,3.77,1.13,1.87,0.46,1.81,84.67,92.47
23. [Clip + Hyst + Energy],0.6488,5.66,0.1,0.28,0.04,1.52,84.62,92.28
24. [Clip + Hyst + Viterbi],0.6488,4.8,0.24,0.38,0.63,1.51,82.98,90.33
25. [Clip + Energy + Viterbi],0.6488,4.21,0.11,0.55,0.26,1.28,85.25,93.03
26. [Hyst + Energy + Viterbi],0.4380,4.32,1.12,0.69,0.04,1.54,85.41,93.23
27. [BP + Clip + Hyst + Energy],0.5628,4.49,1.07,0.99,0.26,1.7,84.4,92.14
28. [BP + Clip + Hyst + Viterbi],0.5628,4.62,1.25,1.2,0.2,1.82,82.18,89.44
29. [BP + Clip + Energy + Viterbi],0.5628,5.68,1.3,1.0,0.28,2.06,84.84,92.66
30. [BP + Hyst + Energy + Viterbi],0.3734,4.18,1.24,1.87,0.55,1.96,84.09,91.79
31. [Clip + Hyst + Energy + Viterbi],0.6488,4.88,0.01,0.29,0.12,1.32,84.62,92.28
32. [Cả 5 Plugins],0.5628,3.78,1.02,1.0,0.1,1.47,84.4,92.14
