Frame_Index,Time_Sec,YIN Champion_F0_Hz,ACF Champion_F0_Hz,AMDF Champion_F0_Hz
0,0.013,0.00,0.00,0.00
1,0.022,0.00,0.00,0.00
2,0.033,0.00,0.00,0.00
3,0.043,0.00,0.00,0.00
4,0.052,0.00,0.00,0.00
5,0.062,0.00,0.00,0.00
6,0.072,0.00,0.00,0.00
7,0.083,0.00,0.00,0.00
8,0.092,0.00,0.00,0.00
9,0.102,0.00,0.00,0.00
10,0.113,0.00,0.00,0.00
11,0.122,0.00,0.00,0.00
12,0.133,0.00,0.00,0.00
13,0.142,0.00,0.00,0.00
14,0.152,0.00,0.00,0.00
15,0.163,0.00,0.00,0.00
16,0.172,0.00,0.00,0.00
17,0.182,0.00,0.00,0.00
18,0.193,0.00,0.00,0.00
19,0.203,0.00,0.00,0.00
20,0.212,0.00,0.00,0.00
21,0.223,0.00,0.00,0.00
22,0.233,0.00,0.00,0.00
23,0.242,0.00,0.00,0.00
24,0.253,0.00,0.00,0.00
25,0.263,0.00,0.00,0.00
26,0.273,0.00,0.00,0.00
27,0.282,0.00,0.00,0.00
28,0.292,0.00,0.00,0.00
29,0.302,0.00,0.00,0.00
30,0.312,0.00,0.00,0.00
31,0.323,0.00,0.00,0.00
32,0.333,0.00,0.00,0.00
33,0.343,0.00,0.00,0.00
34,0.352,0.00,0.00,0.00
35,0.362,0.00,0.00,0.00
36,0.372,0.00,0.00,0.00
37,0.383,0.00,0.00,0.00
38,0.393,0.00,0.00,0.00
39,0.403,0.00,0.00,0.00
40,0.412,0.00,0.00,0.00
41,0.422,0.00,0.00,0.00
42,0.432,0.00,0.00,0.00
43,0.443,0.00,0.00,0.00
44,0.453,0.00,0.00,0.00
45,0.463,0.00,0.00,0.00
46,0.472,0.00,0.00,0.00
47,0.482,0.00,136.75,136.75
48,0.492,136.22,136.75,135.59
49,0.502,136.44,136.75,136.75
50,0.512,136.36,136.75,135.59
51,0.522,136.35,135.59,135.59
52,0.532,134.62,135.59,135.59
53,0.542,135.47,135.59,135.59
54,0.552,136.59,137.93,136.75
55,0.562,137.52,137.93,136.75
56,0.573,135.72,137.93,136.75
57,0.583,136.24,137.93,136.75
58,0.593,136.95,137.93,136.75
59,0.603,136.85,137.93,136.75
60,0.613,137.78,139.13,137.93
61,0.623,137.92,139.13,137.93
62,0.632,138.62,140.35,137.93
63,0.642,138.69,140.35,137.93
64,0.652,138.02,139.13,137.93
65,0.662,136.36,136.75,135.59
66,0.672,134.48,134.45,134.45
67,0.682,133.19,133.33,132.23
68,0.693,132.03,132.23,131.15
69,0.703,129.54,130.08,129.03
70,0.713,128.26,128.00,128.00
71,0.723,126.90,125.98,125.98
72,0.733,124.36,124.03,123.08
73,0.743,122.98,123.08,123.08
74,0.752,122.02,121.21,121.21
75,0.762,119.86,119.40,119.40
76,0.772,118.37,118.52,117.65
77,0.782,117.39,117.65,117.65
78,0.792,116.01,115.11,115.11
79,0.802,112.88,114.29,113.48
80,0.812,113.27,0.00,0.00
81,0.823,113.27,114.29,115.94
82,0.833,114.66,114.29,115.94
83,0.843,114.66,115.94,115.94
84,0.853,117.93,119.40,118.52
85,0.863,118.66,119.40,119.40
86,0.873,119.80,120.30,120.30
87,0.882,120.98,122.14,122.14
88,0.892,123.35,124.03,124.03
89,0.902,124.25,0.00,0.00
90,0.912,0.00,0.00,0.00
91,0.922,133.47,133.33,0.00
92,0.932,132.93,133.33,133.33
93,0.943,133.92,134.45,135.59
94,0.953,136.08,136.75,137.93
95,0.963,137.90,139.13,137.93
96,0.973,139.50,140.35,141.59
97,0.983,142.15,141.59,141.59
98,0.993,140.47,142.86,142.86
99,1.002,141.16,0.00,142.86
100,1.012,144.37,145.45,142.86
101,1.022,147.82,149.53,144.14
102,1.032,149.26,149.53,148.15
103,1.042,148.57,148.15,148.15
104,1.052,150.04,148.15,149.53
105,1.062,149.25,149.53,149.53
106,1.073,149.55,149.53,148.15
107,1.083,147.35,146.79,146.79
108,1.093,146.45,146.79,146.79
109,1.103,143.25,142.86,142.86
110,1.113,141.92,142.86,142.86
111,1.123,142.30,0.00,148.15
112,1.133,0.00,0.00,0.00
113,1.143,0.00,149.53,0.00
114,1.153,147.13,155.34,156.86
115,1.163,152.72,156.86,156.86
116,1.173,156.92,156.86,156.86
117,1.183,154.08,156.86,153.85
118,1.192,153.83,153.85,153.85
119,1.202,153.50,153.85,153.85
120,1.212,152.79,152.38,152.38
121,1.222,151.47,152.38,152.38
122,1.232,151.47,152.38,152.38
123,1.242,152.28,152.38,152.38
124,1.252,153.51,153.85,153.85
125,1.262,155.43,155.34,155.34
126,1.272,157.08,156.86,156.86
127,1.282,157.39,156.86,156.86
128,1.292,155.20,155.34,153.85
129,1.302,153.73,153.85,153.85
130,1.312,152.82,153.85,153.85
131,1.323,153.68,152.38,152.38
132,1.333,151.87,152.38,152.38
133,1.343,152.93,152.38,153.85
134,1.353,152.93,152.38,153.85
135,1.363,152.93,152.38,152.38
136,1.373,0.00,0.00,0.00
137,1.383,0.00,152.38,0.00
138,1.393,0.00,148.15,0.00
139,1.403,0.00,0.00,0.00
140,1.413,0.00,0.00,0.00
141,1.423,0.00,0.00,0.00
142,1.433,0.00,0.00,0.00
143,1.442,0.00,0.00,0.00
144,1.452,0.00,0.00,0.00
145,1.462,0.00,0.00,0.00
146,1.472,0.00,0.00,0.00
147,1.482,0.00,0.00,0.00
148,1.492,0.00,0.00,0.00
149,1.502,0.00,0.00,121.21
150,1.512,119.28,115.11,114.29
151,1.522,114.32,114.29,114.29
152,1.532,114.67,114.29,114.29
153,1.542,114.64,115.11,115.11
154,1.552,114.45,114.29,114.29
155,1.562,113.15,113.48,113.48
156,1.573,112.65,112.68,112.68
157,1.583,110.41,110.34,109.59
158,1.593,109.58,0.00,0.00
159,1.603,0.00,0.00,0.00
160,1.613,112.24,109.59,109.59
161,1.623,110.74,109.59,108.84
162,1.633,108.09,107.38,107.38
163,1.643,106.92,107.38,108.11
164,1.653,107.20,107.38,108.11
165,1.663,108.33,108.84,108.11
166,1.673,108.08,0.00,0.00
167,1.683,112.66,113.48,112.68
168,1.692,0.00,0.00,0.00
169,1.702,0.00,0.00,0.00
170,1.712,0.00,0.00,0.00
171,1.722,0.00,0.00,0.00
172,1.732,0.00,0.00,0.00
173,1.742,0.00,0.00,0.00
174,1.752,0.00,0.00,0.00
175,1.762,0.00,0.00,0.00
176,1.772,0.00,0.00,0.00
177,1.782,0.00,0.00,0.00
178,1.792,0.00,0.00,0.00
179,1.802,0.00,0.00,0.00
180,1.812,120.98,122.14,121.21
181,1.823,120.98,121.21,121.21
182,1.833,121.01,121.21,121.21
183,1.843,120.50,120.30,120.30
184,1.853,120.39,120.30,120.30
185,1.863,118.41,118.52,117.65
186,1.873,116.74,116.79,116.79
187,1.883,114.56,114.29,114.29
188,1.893,112.92,112.68,112.68
189,1.903,111.97,111.89,111.89
190,1.913,110.79,110.34,110.34
191,1.923,110.36,110.34,110.34
192,1.933,108.98,109.59,110.34
193,1.942,104.09,0.00,0.00
194,1.952,100.93,109.59,100.63
195,1.962,100.93,0.00,99.38
196,1.972,98.02,100.63,99.38
197,1.982,0.00,0.00,0.00
198,1.992,96.45,0.00,0.00
199,2.002,98.48,100.00,102.56
200,2.013,117.49,0.00,0.00
201,2.022,102.37,0.00,0.00
202,2.033,102.37,0.00,100.00
203,2.042,100.50,0.00,0.00
204,2.053,95.63,100.00,100.00
205,2.062,100.50,100.00,100.00
206,2.072,104.10,0.00,0.00
207,2.083,105.54,106.67,107.38
208,2.092,105.54,0.00,108.11
209,2.103,108.69,0.00,108.84
210,2.112,0.00,0.00,0.00
211,2.123,0.00,0.00,0.00
212,2.132,0.00,0.00,0.00
213,2.143,0.00,0.00,0.00
214,2.152,0.00,0.00,0.00
215,2.163,0.00,121.21,121.21
216,2.172,120.52,124.03,124.03
217,2.183,123.59,123.08,124.03
218,2.192,123.27,122.14,123.08
219,2.203,122.01,122.14,122.14
220,2.212,121.35,121.21,120.30
221,2.223,120.15,120.30,120.30
222,2.232,119.85,119.40,120.30
223,2.243,117.83,117.65,117.65
224,2.252,117.02,116.79,116.79
225,2.263,115.57,115.11,115.11
226,2.272,114.93,115.11,115.11
227,2.283,114.73,115.11,114.29
228,2.292,113.71,113.48,113.48
229,2.303,112.66,112.68,111.89
230,2.312,111.56,112.68,111.89
231,2.322,110.24,111.11,110.34
232,2.333,109.51,110.34,109.59
233,2.342,109.57,109.59,109.59
234,2.353,109.67,111.11,109.59
235,2.362,110.84,111.11,111.11
236,2.373,111.22,111.11,111.89
237,2.382,112.33,112.68,111.89
238,2.393,114.32,115.11,114.29
239,2.402,118.76,116.79,0.00
240,2.413,0.00,0.00,118.52
241,2.422,121.60,125.00,124.03
242,2.433,125.11,125.00,125.00
243,2.442,125.11,125.98,125.98
244,2.453,128.90,126.98,128.00
245,2.462,128.90,126.98,128.00
246,2.473,124.54,124.03,123.08
247,2.482,122.50,123.08,122.14
248,2.493,120.62,0.00,0.00
249,2.502,0.00,109.59,0.00
250,2.513,110.09,109.59,111.11
251,2.522,110.99,111.11,111.11
252,2.533,111.42,111.11,111.11
253,2.542,110.64,111.11,111.11
254,2.553,0.00,109.59,109.59
255,2.562,109.57,109.59,109.59
256,2.572,108.18,108.84,108.11
257,2.583,108.82,108.84,108.84
258,2.592,108.12,107.38,108.11
259,2.603,107.76,107.38,108.11
260,2.612,108.11,108.11,107.38
261,2.623,106.96,107.38,106.67
262,2.632,106.18,105.96,105.96
263,2.643,104.54,104.58,104.58
264,2.652,104.59,104.58,103.90
265,2.663,103.80,103.23,103.23
266,2.672,103.24,102.56,103.23
267,2.683,102.44,102.56,102.56
268,2.692,105.19,103.90,103.23
269,2.703,103.25,103.23,103.23
270,2.712,0.00,0.00,0.00
271,2.723,0.00,0.00,0.00
272,2.732,0.00,0.00,0.00
273,2.743,0.00,0.00,0.00
274,2.752,0.00,0.00,0.00
275,2.763,0.00,0.00,0.00
276,2.772,0.00,0.00,0.00
277,2.783,0.00,0.00,0.00
278,2.792,0.00,0.00,0.00
279,2.803,0.00,0.00,0.00
280,2.812,0.00,0.00,0.00
281,2.822,0.00,0.00,0.00
282,2.833,0.00,0.00,0.00
283,2.842,0.00,0.00,0.00
284,2.853,0.00,0.00,0.00
285,2.862,0.00,0.00,0.00
286,2.873,0.00,132.23,0.00
287,2.882,0.00,135.59,134.45
288,2.893,136.10,135.59,134.45
289,2.902,135.19,135.59,135.59
290,2.913,135.80,136.75,136.75
291,2.922,135.80,136.75,136.75
292,2.933,0.00,0.00,0.00
293,2.942,0.00,0.00,0.00
294,2.953,0.00,0.00,0.00
295,2.962,0.00,0.00,0.00
296,2.973,0.00,0.00,0.00
297,2.982,0.00,0.00,0.00
298,2.993,0.00,0.00,0.00
299,3.002,0.00,0.00,0.00
300,3.013,0.00,0.00,0.00
301,3.022,0.00,0.00,0.00
302,3.033,0.00,0.00,0.00
303,3.042,0.00,0.00,0.00
304,3.053,0.00,0.00,0.00
305,3.062,0.00,0.00,0.00
306,3.072,0.00,0.00,0.00
307,3.083,0.00,0.00,0.00
308,3.092,0.00,0.00,0.00
309,3.103,0.00,0.00,0.00
310,3.112,0.00,0.00,0.00
311,3.123,100.30,0.00,0.00
312,3.132,92.62,99.38,99.38
313,3.143,91.85,94.12,94.12
314,3.152,94.00,94.12,94.12
315,3.163,95.57,95.81,95.81
316,3.172,96.54,96.39,96.39
317,3.183,0.00,0.00,0.00
318,3.192,101.44,100.00,101.27
319,3.203,100.86,100.63,100.63
320,3.212,99.79,100.00,100.00
321,3.223,98.95,100.00,99.38
322,3.232,98.78,99.38,100.00
323,3.243,100.00,100.00,100.63
324,3.252,100.99,101.27,101.27
325,3.263,103.93,101.27,104.58
326,3.272,109.66,0.00,0.00
327,3.283,110.39,0.00,0.00
328,3.292,0.00,0.00,0.00
329,3.303,0.00,0.00,0.00
330,3.312,0.00,0.00,0.00
331,3.322,0.00,0.00,0.00
332,3.333,0.00,0.00,0.00
333,3.342,0.00,0.00,0.00
334,3.353,0.00,0.00,0.00
335,3.362,0.00,0.00,0.00
336,3.373,0.00,0.00,0.00
337,3.382,0.00,0.00,0.00
338,3.393,0.00,104.58,0.00
339,3.402,0.00,0.00,0.00
340,3.413,0.00,0.00,0.00
341,3.422,0.00,0.00,0.00
342,3.433,0.00,0.00,0.00
343,3.442,0.00,0.00,0.00
344,3.453,0.00,0.00,0.00
345,3.462,114.25,111.89,110.34
346,3.473,114.25,111.89,0.00
347,3.482,110.80,108.84,108.84
348,3.493,108.61,105.96,105.26
349,3.502,105.76,104.58,102.56
350,3.513,0.00,0.00,0.00
351,3.522,0.00,0.00,0.00
352,3.533,0.00,0.00,0.00
353,3.542,0.00,0.00,0.00
354,3.553,0.00,0.00,0.00
355,3.562,0.00,0.00,0.00
356,3.572,0.00,0.00,0.00
357,3.583,0.00,0.00,0.00
358,3.592,0.00,0.00,0.00
359,3.603,0.00,0.00,0.00
360,3.612,0.00,0.00,0.00
361,3.623,0.00,0.00,0.00
362,3.632,0.00,0.00,0.00
363,3.643,0.00,0.00,0.00
364,3.652,0.00,0.00,0.00
365,3.663,0.00,0.00,0.00
366,3.672,0.00,0.00,0.00
367,3.683,0.00,0.00,0.00
368,3.692,0.00,0.00,0.00
369,3.703,0.00,0.00,0.00
370,3.712,0.00,0.00,0.00
371,3.723,0.00,0.00,0.00
372,3.732,0.00,0.00,0.00
373,3.743,0.00,0.00,0.00
374,3.752,0.00,0.00,0.00
375,3.763,0.00,0.00,0.00
376,3.772,0.00,0.00,0.00
377,3.783,0.00,0.00,0.00
378,3.792,0.00,0.00,0.00
379,3.803,0.00,0.00,0.00
380,3.812,0.00,0.00,0.00
381,3.822,0.00,0.00,0.00
382,3.833,0.00,0.00,0.00
383,3.842,0.00,0.00,0.00
384,3.853,0.00,0.00,0.00
385,3.862,0.00,0.00,0.00
386,3.873,0.00,0.00,0.00
387,3.882,0.00,0.00,0.00
388,3.893,0.00,0.00,0.00
389,3.902,0.00,0.00,0.00
390,3.913,0.00,0.00,0.00
391,3.922,0.00,0.00,0.00
392,3.933,0.00,0.00,0.00
393,3.942,0.00,0.00,0.00
394,3.953,0.00,0.00,0.00
395,3.962,0.00,0.00,0.00
396,3.973,0.00,0.00,0.00
397,3.982,0.00,0.00,0.00
398,3.993,0.00,0.00,0.00
399,4.003,0.00,0.00,0.00
400,4.013,0.00,0.00,0.00
401,4.022,0.00,0.00,0.00
402,4.032,0.00,0.00,0.00
403,4.043,0.00,0.00,0.00
404,4.053,0.00,0.00,0.00
405,4.062,0.00,0.00,0.00
406,4.072,0.00,0.00,0.00
407,4.082,0.00,0.00,0.00
408,4.093,0.00,0.00,0.00
409,4.103,0.00,0.00,0.00
410,4.112,0.00,0.00,0.00
411,4.122,0.00,0.00,0.00
412,4.133,0.00,0.00,0.00
413,4.143,0.00,0.00,0.00
